"Transaction Hash","Blockno","UnixTimestamp","DateTime (UTC)","From","To","ContractAddress","Value_IN(ETH)","Value_OUT(ETH)","CurrentValue @ $3930.09602308403/Eth","TxnFee(ETH)","TxnFee(USD)","Historical $Price/Eth","Status","ErrCode","Method"
"0xad0600d69f37cdaf9f646fbea4e8d52df1236b96cb700ec694ea515c860d42eb","15523606","1663024441","2022-09-12 23:14:01","0xe1ae0483efeb926b3c8922625ce6bb9e8d4d3787","0x36e97c14ce9d0596d9efc4b3f042acc0f877265c","","0.02","0","78.6019204616806","0.00037578941127","1.47688847074932","1716.53","","","Transfer"
"0x92518e668c1577b4fae24e7060bfadfe9579bbdf4aeb44d6e6eb2c561202b993","15523608","1663024510","2022-09-12 23:15:10","0x36e97c14ce9d0596d9efc4b3f042acc0f877265c","0x968b6210cafb39ddf70d08afdbf092b35542f25c","","0","0","0","0.00212060440831056","8.3341789516358","1716.53","","","Whitelist Mint"
"0xa9e22345f6ba874c7c70ecd2813f41f9b987ac978dff463965561055d2903bf3","15523774","1663026791","2022-09-12 23:53:11","0x36e97c14ce9d0596d9efc4b3f042acc0f877265c","0x968b6210cafb39ddf70d08afdbf092b35542f25c","","0","0","0","0.000589073501739515","2.31511542649065","1716.53","","","Set Approval For All"
"0xaf668b42d15f95284f9a49fe32fb0a00d355baf0941773cc491e6291ceea159b","15621608","1664244467","2022-09-27 02:07:47","0x36e97c14ce9d0596d9efc4b3f042acc0f877265c","0xb3b814ccd178de120687a9ad01c6886c56399198","","0","0","0","0.00107598955913502","4.22874228723648","1328.11","","","Set Approval For All"
"0x879f57fdda0a03fbef37abca95fd863f5894b6bf9b4945cd6fa90327c0861b59","15663355","1664748563","2022-10-02 22:09:23","0x36e97c14ce9d0596d9efc4b3f042acc0f877265c","0x00000000006c3852cbef3e08e8df289169ede581","","0","0.11897","467.563523866307","0.00553702181405365","21.7610274111418","1276.69","","","Fulfill Available Orders"
"0x9769df5c450dd86dfc498fc906eb5129577cf0158c540a5eeef44b19fd734412","15947864","1668182855","2022-11-11 16:07:35","0x36e97c14ce9d0596d9efc4b3f042acc0f877265c","0xb3b814ccd178de120687a9ad01c6886c56399198","","0","0","0","0.001773170432985152","6.96873006692513","1285.23","","","Set Approval For All"
"0x47bdc634dc822a6104fb036c0c3552d60d648110c4eab75201c495a9e3f69d74","16292335","1672340063","2022-12-29 18:54:23","0x36e97c14ce9d0596d9efc4b3f042acc0f877265c","0x517ab044bda9629e785657dbbcae95c40c8f452c","","0","0","0","0.000782063086701621","3.07358302684686","1200.06","","","Approve"
"0xe4c192cf8d588eb39a56fb709cc6ff52b87594a8ec3c43bc863895d295ae4c0a","16292339","1672340111","2022-12-29 18:55:11","0x36e97c14ce9d0596d9efc4b3f042acc0f877265c","0x68b3465833fb72a70ecdf485e0e4c7bd8665fc45","","0","0","0","0.002029476519107536","7.97603759668695","1200.06","","","Multicall"
"0xbd17b86a144bc02465dbaa9e76489d38ef09591749010d5f27ddf747bfb33e77","16292348","1672340219","2022-12-29 18:56:59","0x36e97c14ce9d0596d9efc4b3f042acc0f877265c","0xa46ec36128781dafd522eb0e2fa32101b19ef57d","","0","0.48","1886.44609108033","0.000365420026524","1.43613579299723","1200.06","","","Transfer"
"0x7ab3338ed9009ef22a8753f9ffe0dd6a60a0c0746d3fa1c1b82ce044efd36ac3","16406408","1673715743","2023-01-14 17:02:23","0x36e97c14ce9d0596d9efc4b3f042acc0f877265c","0x6234bce6a6cb2d3fcf24804224df182a68ce284a","","0","0.0069","27.1176625592798","0.001168307432040684","4.59156039240261","1550.07","Error(0)","execution reverted","Mint"
"0x9d427ba0aa96ba33beb230642038dad4361d310b985b9bb6ec8c1149ef26ff85","16406975","1673722559","2023-01-14 18:55:59","0x36e97c14ce9d0596d9efc4b3f042acc0f877265c","0x81670ff57df2c070bd4a5643e8c19ad09ac5c57b","","0","0","0","0.000828222721676935","3.25499482469035","1550.07","","","Set Approval For All"
"0xaa3bec841e60eac0349fafe44a91d575e7b1bc4e9f68eac8bb7b3577bd47a157","16406977","1673722583","2023-01-14 18:56:23","0x36e97c14ce9d0596d9efc4b3f042acc0f877265c","0x0000000000c2d145a2526bd8c716263bfebe1a72","","0","0","0","0.003198034792592508","12.5685838200522","1550.07","","","Bulk Transfer"
"0x65a891edfd2f9c7fcaba4f9c3b248e28d361f129934833055968ddc31ec41bb2","16422550","1673910671","2023-01-16 23:11:11","0x36e97c14ce9d0596d9efc4b3f042acc0f877265c","0x8fb6ec891f80d0da0e966a54ed403f5149a347c8","","0","0.003","11.7902880692521","0.003442485296889216","13.5292977748296","1577.02","Error(0)","execution reverted","Public Sale"
"0xebceb1a0caa5f27ed482fefe83a7b38de018c532d1a7a5cf3d087794bf07ecb2","16431140","1674014183","2023-01-18 03:56:23","0x4e11b5f74887856e2764a3183659e0389e30f6d7","0x36e97c14ce9d0596d9efc4b3f042acc0f877265c","","0.06","0","235.805761385042","0.000342278721057","1.3451882404124","1512.28","","","Transfer"
"0x687e7995cd6308691c27013d22d80ea15408b2937d4e7480e59038f67dc23776","16441313","1674136871","2023-01-19 14:01:11","0x36e97c14ce9d0596d9efc4b3f042acc0f877265c","0x00000000006c3852cbef3e08e8df289169ede581","","0","0.00444","17.4496263424931","0.000995178963372608","3.91114888620757","1551.20","Error(0)","execution reverted","Fulfill Basic Order"
"0x7e427294c023301adc3878604e4c71a28971fcc1d5f25aae63fb4bf013f0518d","16448446","1674222863","2023-01-20 13:54:23","0xe1ae0483efeb926b3c8922625ce6bb9e8d4d3787","0x36e97c14ce9d0596d9efc4b3f042acc0f877265c","","0.05","0","196.504801154202","0.000324039483537","1.27350628557097","1659.02","","","Transfer"
"0x518c9034f0f9e8aea248cafa7a0f8a00161ec27595fac8ce9459d8e344187c7a","16465601","1674429851","2023-01-22 23:24:11","0x36e97c14ce9d0596d9efc4b3f042acc0f877265c","0x788c3d199b2b4f0a882feea5b57fd963fde35938","","0","0.04","157.203840923361","0.001998349170063807","7.85370412600104","1627.79","","","Mint Phase Allowlist"
"0x453bf2591a307d517bd2b7a26fae89d4a881c8a4a93b72df1e9373beabf4eaf7","16465621","1674430091","2023-01-22 23:28:11","0x36e97c14ce9d0596d9efc4b3f042acc0f877265c","0x788c3d199b2b4f0a882feea5b57fd963fde35938","","0","0","0","0.000902391031692049","3.54648340491962","1627.79","","","Set Approval For All"
"0x32ef637fdb77185e3af297ea2c8a373c18d7917baaaf456057170ab5b6df3d1a","16473972","1674530783","2023-01-24 03:26:23","0x36e97c14ce9d0596d9efc4b3f042acc0f877265c","0x48973bfab2c54322b911f94390fceb5eb058f2be","","0","0","0","0.00224387695108976","8.81865188176779","1556.12","","","Mint"
"0x09046f76d010a52ee7d10862737ee2e4f96f5fb6cdd606e8c5a081482ccfb931","16527289","1675173935","2023-01-31 14:05:35","0x36e97c14ce9d0596d9efc4b3f042acc0f877265c","0xbc566bef3dc1d80e7a841d8cd04aeb3722080651","","0","0.019","74.6718244385966","0.007606179639840936","29.8930163534016","1585.47","","","Mint"
"0x5441695fc6d127dc4e8b584777ae49e068cb994ccdba4cd04b8ae546fd6f2a26","16527594","1675177607","2023-01-31 15:06:47","0x36e97c14ce9d0596d9efc4b3f042acc0f877265c","0x00000000006c3852cbef3e08e8df289169ede581","","0","0.017898","70.340858621158","0.0147281545940035","57.8830617972599","1585.47","","","Fulfill Available Advanced Orders"
"0xba02ab2f9f0d54d0ae1e29d98a60c6da515c067acb66dff18681c4abe4859100","16530892","1675217375","2023-02-01 02:09:35","0x36e97c14ce9d0596d9efc4b3f042acc0f877265c","0x00000000006c3852cbef3e08e8df289169ede581","","0","0.0329","129.300159159465","0.008136846641572608","31.9785886264891","1641.61","","","Fulfill Available Advanced Orders"
"0x7807afe1aa584bd08a10f3f9aea5ab8602189af2aa37b0480c6d46c2e322c3ee","16552865","1675482803","2023-02-04 03:53:23","0x36e97c14ce9d0596d9efc4b3f042acc0f877265c","0xe0d441fb50b802d587a425b654ed4eb27ea04c6e","","0","0","0","0.0075269560126662","29.5816598913079","1666.89","","","Mint"
"0x08c8070bafe35cf75e1cbc8ad7ef02d166fbea67f2fd4b7ce42ef4ff580dbc64","16553539","1675490975","2023-02-04 06:09:35","0x36e97c14ce9d0596d9efc4b3f042acc0f877265c","0xf7cc9def288cae957283a686a5110514840336bc","","0","0","0","0.00921835535190745","36.2290217079069","1666.89","","","Mint"
"0xdd4a1cb79e50eaf854f1a0af950901905c2ddec1fc973f125e7493e7785ec2fd","16554190","1675498823","2023-02-04 08:20:23","0x36e97c14ce9d0596d9efc4b3f042acc0f877265c","0xe0d441fb50b802d587a425b654ed4eb27ea04c6e","","0","0","0","0.001265051091935274","4.97177226541293","1666.89","","","Set Approval For All"
"0xafc2dfa28ebd12a6c2a2e4eb36c06116e1b2bbbc5dde8e962e2117e544f782f0","16560092","1675570055","2023-02-05 04:07:35","0x36e97c14ce9d0596d9efc4b3f042acc0f877265c","0xf7cc9def288cae957283a686a5110514840336bc","","0","0","0","0.00692200677988189","27.2041513173745","1629.80","","","Mint"
"0xc29ff8a64de2fd1577688f2edf8a8a17b1a61dd84a809817622e4b3f363ba013","16560154","1675570799","2023-02-05 04:19:59","0x36e97c14ce9d0596d9efc4b3f042acc0f877265c","0xf7cc9def288cae957283a686a5110514840336bc","","0","0","0","0.006886025109566816","27.0627398979653","1629.80","","","Mint"
"0xf44b1653ad62ad6791937ce81d4f86e56db996693132b93521804c8974f0b0de","16560176","1675571063","2023-02-05 04:24:23","0x36e97c14ce9d0596d9efc4b3f042acc0f877265c","0xf7cc9def288cae957283a686a5110514840336bc","","0","0","0","0.00691510156566565","27.1770131624447","1629.80","","","Mint"
"0x9a6d93c8ff65dfb261361818e5d5d9970369c4bc0d9835c11e3064b2b8a9b864","16560266","1675572143","2023-02-05 04:42:23","0x36e97c14ce9d0596d9efc4b3f042acc0f877265c","0x1e7f9b2c7d0bad3cb90385413eb6d9fa57eaee4e","","0","0","0","0.002981484866535072","11.7175218168547","1629.80","","","Safe Transfer From"
"0x0ce28b30648bc008574784369712c4209d56441e6f24409ec584cc202c1b672c","16580272","1675813619","2023-02-07 23:46:59","0x36e97c14ce9d0596d9efc4b3f042acc0f877265c","0x44e94034afce2dd3cd5eb62528f239686fc8f162","","0","0.025","98.2524005771008","0.005000552658411724","19.6526521160462","1671.61","","","Mint Batch"
"0x50d25ca58f9a83a12d0a519b09bf2443ede7b6f39805eba1971f9cbe333b0196","16606841","1676134475","2023-02-11 16:54:35","0xa46ec36128781dafd522eb0e2fa32101b19ef57d","0x36e97c14ce9d0596d9efc4b3f042acc0f877265c","","0.1","0","393.009602308403","0.000429477497106","1.68788780338037","1538.79","","","Transfer"
"0x4531f39e8cac67cd605477f4e49a57d977b9a39fce275053c1e2ba674cf8fecf","16607042","1676136887","2023-02-11 17:34:47","0x36e97c14ce9d0596d9efc4b3f042acc0f877265c","0x00000000006c3852cbef3e08e8df289169ede581","","0","0.045","176.854321038781","0.004789657841755248","18.8238152358155","1538.79","","","Fulfill Basic Order"
"0xb58e1dd1d8964ff0d1a4486a5862c44b9261246f13f88594aac8241a245fe6ec","16607132","1676137967","2023-02-11 17:52:47","0x36e97c14ce9d0596d9efc4b3f042acc0f877265c","0xecbfb000e6e3b096f8150a962507b7f04f0815ab","","0","0","0","0.001172339480570429","4.60740673029424","1538.79","","","Set Approval For All"
"0x2fdcf00442a68371ab2734ce4e2bd51f2918df780aef610906414e9958d5ad10","16620445","1676298611","2023-02-13 14:30:11","0x36e97c14ce9d0596d9efc4b3f042acc0f877265c","0x00000000006c3852cbef3e08e8df289169ede581","","0","0.0299","117.509871090212","0.004674479242191075","18.371152279724","1506.37","","","Fulfill Basic Order"
"0xfeea450260ee2f2c988de9474083e2a1e498b6f3cd6dfa69b7fe531424b17bc1","16620507","1676299379","2023-02-13 14:42:59","0x36e97c14ce9d0596d9efc4b3f042acc0f877265c","0x7c10c8816575e8fdfb11463dd3811cc794a1d407","","0","0","0","0.002338515781629986","9.19059157330325","1506.37","","","Set Approval For All"
"0x95b1f909236ae7e5a9c8eb9d1ff00f40e0859c219b7aed270d169b012043b50d","16646981","1676619227","2023-02-17 07:33:47","0x36e97c14ce9d0596d9efc4b3f042acc0f877265c","0xef1c6e67703c7bd7107eed8303fbe6ec2554bf6b","","0","0.05","196.504801154202","0.003064770218847908","12.0448412487605","1694.30","","","Execute"
"0x523bf32283cc2cff478a2c53a2d193c967a7c9fa3680ff12c03e366256b601c9","16647011","1676619587","2023-02-17 07:39:47","0x36e97c14ce9d0596d9efc4b3f042acc0f877265c","0x517ab044bda9629e785657dbbcae95c40c8f452c","","0","0","0","0.00079932886236813","3.14143918312927","1694.30","","","Transfer"
"0xd3f9d9a38184df4afdcdc19568b9f24d773191f7a11f579e5d878841938193b1","16647033","1676619851","2023-02-17 07:44:11","0x36e97c14ce9d0596d9efc4b3f042acc0f877265c","0xef1c6e67703c7bd7107eed8303fbe6ec2554bf6b","","0","0.012","47.1611522770084","0.002750713491654332","10.8105681541943","1694.30","","","Execute"
"0xd73192923407c8c26e8b02e30e6926bfb8f0e9d237712020d9386431a751c185","16647038","1676619911","2023-02-17 07:45:11","0x36e97c14ce9d0596d9efc4b3f042acc0f877265c","0x517ab044bda9629e785657dbbcae95c40c8f452c","","0","0","0","0.000734462990177436","2.88651007679875","1694.30","","","Transfer"
"0x4145b84c8a8a7dc09bf738f32dbc33f1e6c98a235cb0fd04ac383a9f0804ed06","16663802","1676823827","2023-02-19 16:23:47","0x36e97c14ce9d0596d9efc4b3f042acc0f877265c","0x80e379556e54a5609768e9b2064a2c3a4b684344","","0","0","0","0.00162770224366137","6.3970261145785","1681.25","","","Set Approval For All"
"0xb708fd1fdefbc0812cd9ab4eee7a2db778bb4a05aca568dea0d22d4adb4283f2","16663806","1676823887","2023-02-19 16:24:47","0x36e97c14ce9d0596d9efc4b3f042acc0f877265c","0xfa1b15df09c2944a91a2f9f10a6133090d4119bd","","0","0.00069","2.71176625592798","0.006020718621519952","23.6620023105435","1681.25","","","Burn Redeem"
"0x65d0936cb2e89f5cab2c5978aa066419beb7eaff28101e0d968d359e11d35952","16733903","1677675323","2023-03-01 12:55:23","0xe1ae0483efeb926b3c8922625ce6bb9e8d4d3787","0x36e97c14ce9d0596d9efc4b3f042acc0f877265c","","0.07","0","275.106721615882","0.000525840356622","2.06660309433721","1665.59","","","Transfer"
"0x1eed5c6ae0e9565c80362cefd455d9f2f7818ed01834610012145e689be55e20","16733910","1677675407","2023-03-01 12:56:47","0x36e97c14ce9d0596d9efc4b3f042acc0f877265c","0xf7479f9527c57167caff6386daa588b7bf05727f","","0","0.042","165.064032969529","0.00226208680562123","8.89021835864285","1665.59","","","Allowlist Mint"
"0x16eabd8b14edd3f378c8b6f5651d089bbda669baa80e75eb9a74a0e64bfdae0f","16733926","1677675599","2023-03-01 12:59:59","0x36e97c14ce9d0596d9efc4b3f042acc0f877265c","0xf7479f9527c57167caff6386daa588b7bf05727f","","0","0","0","0.001036261940734168","4.07260893215269","1665.59","","","Set Approval For All"
"0xbcf864c29dcfbca95ace73c9cc4809a3353026ebebe1d7b8d3c1742126e64677","16733933","1677675683","2023-03-01 13:01:23","0x36e97c14ce9d0596d9efc4b3f042acc0f877265c","0xf7479f9527c57167caff6386daa588b7bf05727f","","0","0","0","0.001122045199876907","4.40974537775676","1665.59","","","Set Approval For All"
"0xa044a75b6665909363097d2c0a70affa08b85575e872f6e73362b969afc778c8","16735299","1677692267","2023-03-01 17:37:47","0x36e97c14ce9d0596d9efc4b3f042acc0f877265c","0xf7479f9527c57167caff6386daa588b7bf05727f","","0","0.084","330.128065939059","0.0064931386675821","25.5186584547975","1665.59","","","Allowlist Mint"
"0x0314a54788446ced44e57346c09a225ccd9b919cc2b1020e0a855bffa18aa09e","16738000","1677725099","2023-03-02 02:44:59","0x36e97c14ce9d0596d9efc4b3f042acc0f877265c","0x7d00c3d00989470cd47ef57bdad3fe64e63f6b3c","","0","0.23","903.922085309327","0.000455446111512","1.7899469515824","1647.77","","","Transfer"
"0x96e182dc49c08fe3d1a97677c6c6a2499a2689687c5004316e786e32bf77ede4","16744115","1677799511","2023-03-02 23:25:11","0x36e97c14ce9d0596d9efc4b3f042acc0f877265c","0x00000000006c3852cbef3e08e8df289169ede581","","0","0.07249","284.892660713361","0.003523699232137532","13.848476338768","1647.77","","","Fulfill Basic Order"
"0x30551c25f465f57a1cc3bace03352c04cd3d3769102db80e9dcbc07a78298098","16745491","1677816335","2023-03-03 04:05:35","0x7d00c3d00989470cd47ef57bdad3fe64e63f6b3c","0x36e97c14ce9d0596d9efc4b3f042acc0f877265c","","0.23","0","903.922085309327","0.000534367366197","2.10011506075672","1569.61","","","Transfer"
"0xa1623f0d04490f9e272c0c5f5224b9095fb3d8b752a692423a155b4fe135ede8","16746029","1677822827","2023-03-03 05:53:47","0x36e97c14ce9d0596d9efc4b3f042acc0f877265c","0x66d9872a6b7b440dae7c40bab0073212b3cac841","","0","0.05","196.504801154202","0.000467103406997565","1.83576124221013","1569.61","","","Deposit"
"0x27204ebe4cd6c6e89a6eeae21f7fef4a00dd942240b2a5414dad7383eb467f9c","16763064","1678029851","2023-03-05 15:24:11","0x36e97c14ce9d0596d9efc4b3f042acc0f877265c","0x00000000006c3852cbef3e08e8df289169ede581","","0","0.152","597.374595508773","0.004463238519978923","17.5409559574446","1564.75","","","Fulfill Basic Order"
"0xd0a9a946c02a9452eff9b8ffabe64fed0539e82fa615e975e22ef34e4721c472","16763087","1678030127","2023-03-05 15:28:47","0x36e97c14ce9d0596d9efc4b3f042acc0f877265c","0xcba890b4718fc3f67821eece841ba314ff554a8f","","0","0","0","0.001365497441217629","5.36653606326082","1564.75","","","Set Approval For All"
"0x307b8c510cba7224e906b4aa75622a04f773ddda226a023ab04800cf737f4719","16778015","1678211423","2023-03-07 17:50:23","0x36e97c14ce9d0596d9efc4b3f042acc0f877265c","0x7f997a13a155bed03ce2989b2c98634a241543fa","","0","0","0","0.002223735890691532","8.73949558039601","1561.63","","","Set Approval For All"
"0x5f9bc6f337d757a11e31d6b243849df016defa91b583e63cef0e144f10189bd0","16840502","1678970879","2023-03-16 12:47:59","0x36e97c14ce9d0596d9efc4b3f042acc0f877265c","0x5263267044e2f14465a6bd77c8c444560696056b","","0","0","0","0.003789760464335757","14.894122529327","1677.00","","","Mint Whitelist"
"0x147867702be7259bbe402c5e4f0b2468d7775c242c44349c1849850fe0ac790c","16840521","1678971107","2023-03-16 12:51:47","0x36e97c14ce9d0596d9efc4b3f042acc0f877265c","0x5263267044e2f14465a6bd77c8c444560696056b","","0","0","0","0.001010245490950668","3.97036178632379","1677.00","","","Set Approval For All"
"0xd04a2f5938d6b341f73fe72e246922777337e00364a8f317274303616f474b17","16865781","1679277731","2023-03-20 02:02:11","0x36e97c14ce9d0596d9efc4b3f042acc0f877265c","0x00000000000001ad428e4906ae43d8f9852d0dd6","","0","0.0134","52.663286709326","0.001857188800563133","7.29893031920937","1738.45","","","0x00000000"
"0x089f97c4483b742c49efbfd455cc2536ab0fc30bcea21cc5a3f57ee94f2d6c89","16876096","1679402687","2023-03-21 12:44:47","0x36e97c14ce9d0596d9efc4b3f042acc0f877265c","0xba66a7c5e1f89a542e3108e3df155a9bf41ac824","","0","0","0","0.000858222890362416","3.37289836833301","1807.45","","","Set Approval For All"
"0xf8976c5305edb2cf9029a84c8f0bfa4cbd78d4e58874a9c4582ecc0769353ca2","16885977","1679522591","2023-03-22 22:03:11","0x36e97c14ce9d0596d9efc4b3f042acc0f877265c","0xb7cbd4f4d8a50469a67ea676134d5b25dff9dafc","","0","0.24","943.223045540167","0.000383836160547","1.50851296808161","1738.86","","","Transfer"
"0x4a6e56d3ce084d3a788f865c0bb715a0094195c17309b60f8ea7beee0811aeb9","16913610","1679858075","2023-03-26 19:14:35","0x36e97c14ce9d0596d9efc4b3f042acc0f877265c","0xc02aaa39b223fe8d0a0e5c4f27ead9083c756cc2","","0","0.35","1375.53360807941","0.000809088731926342","3.17979640766582","1775.76","","","Deposit"
"0x9fa570b4b7a39e3aa813aedead852c1c49e13c4d47629635b61300e44ec938a4","16913627","1679858291","2023-03-26 19:18:11","0x36e97c14ce9d0596d9efc4b3f042acc0f877265c","0xc02aaa39b223fe8d0a0e5c4f27ead9083c756cc2","","0","0","0","0.0008649184128728","3.39921241472354","1775.76","","","Approve"
"0xfab5575f9d3694c175855c84d9cd71343b24c61797e19cb149f343f13f8ed1c9","16922444","1679965331","2023-03-28 01:02:11","0x36e97c14ce9d0596d9efc4b3f042acc0f877265c","0xc02aaa39b223fe8d0a0e5c4f27ead9083c756cc2","","0","0","0","0.000857928285494148","3.37174054291185","1773.53","","","Withdraw"
"0xe60042a180c288bb80780fbef8734d0f5d87791984664b5f51460b5d5d7e2ab8","16922450","1679965403","2023-03-28 01:03:23","0x36e97c14ce9d0596d9efc4b3f042acc0f877265c","0x00000000000001ad428e4906ae43d8f9852d0dd6","","0","0.367","1442.34524047184","0.003764906041697568","14.7964422617606","1773.53","","","0x00000000"
"0x9a0f83fa0c4c682b0aafde6953e0da15a746d829b81cba2df2684cbac29b4c03","16922671","1679968091","2023-03-28 01:48:11","0x36e97c14ce9d0596d9efc4b3f042acc0f877265c","0xedc3ad89f7b0963fe23d714b34185713706b815b","","0","0","0","0.0010031549572368","3.94249530797338","1773.53","","","Safe Transfer From"
"0x392716f3a4ba9b90eba7d11e3567fc6c71846eb0c3127d8e510df4d5f6373f43","17517800","1687226411","2023-06-20 02:00:11","0x36e97c14ce9d0596d9efc4b3f042acc0f877265c","0x30c93c5389065198efa932ca9a866b9c150277d3","","0","0.15","589.514403462604","0.000343846653885","1.35135036698419","1792.69","","","Transfer"
"0x7697a06caee237d070f46a85161871d1f073e362d9536039ca1367519a548f35","17681511","1689213851","2023-07-13 02:04:11","0x36e97c14ce9d0596d9efc4b3f042acc0f877265c","0xa46ec36128781dafd522eb0e2fa32101b19ef57d","","0","0.106590887295890427","418.912422258577","0.000348454014552","1.36945773681848","2005.66","","","Transfer"
"0xda894e3bf75279dade0d3942638b870c7cc559b88654423dddc0109c8122a03d","18143645","1694805707","2023-09-15 19:21:47","0x36e97c14ce9d0596d9efc4b3f042acc0f877265c","0x74312363e45dcaba76c59ec49a7aa8a65a67eed3","","0","2.2","8646.21125078487","0.006047229520143417","23.766192687792","1641.48","","","Run"
"0x26fedd1e2593d6f3e2613cd7180c681abe1addf94a19389d8d77d5d2e4bbd46b","18143762","1694807111","2023-09-15 19:45:11","0x36e97c14ce9d0596d9efc4b3f042acc0f877265c","0x9ada21a8bc6c33b49a089cfc1c24545d2a27cd81","","0","0","0","0.001404626031144621","5.52031517892178","1641.48","","","Safe Transfer From"
"0xf0cd98a4ab76b623c9a5234bfe8b763aa475d5856e3d1aa6b371aecfdfd2f147","18640502","1700816051","2023-11-24 08:54:11","0x36e97c14ce9d0596d9efc4b3f042acc0f877265c","0xa46ec36128781dafd522eb0e2fa32101b19ef57d","","0","0.003","11.7902880692521","0.000601497068697","2.36394123758278","2082.24","","","Transfer"
"0x2fef8614e84a19a677edb3b4d758e4b159b2705347a36bc1bd6a3eeef5c93a09","18640523","1700816303","2023-11-24 08:58:23","0x36e97c14ce9d0596d9efc4b3f042acc0f877265c","0xa46ec36128781dafd522eb0e2fa32101b19ef57d","","0","0.001","3.93009602308403","0.000554904466347","2.18082783638191","2082.24","","","Transfer"
"0x4b0484e8400648374e6cf6698c714cb5e39ead90377a798b821e570bd8d4492c","18640588","1700817083","2023-11-24 09:11:23","0x36e97c14ce9d0596d9efc4b3f042acc0f877265c","0xedc3ad89f7b0963fe23d714b34185713706b815b","","0","0","0","0.001406090528990004","5.52607079607973","2082.24","","","Approve"
"0xe496acaaf9c675bb23d9d8ba116b5ee2e7e05e3d79effa4d6d7a12005e0bb8b4","18640630","1700817611","2023-11-24 09:20:11","0x36e97c14ce9d0596d9efc4b3f042acc0f877265c","0x671bcb933df2fa29a7029d8285687bae2e6ac527","","0","0","0","0.003349846375467444","13.1652179181671","2082.24","","","Create Raffle"
"0x2bc376a3e74e30ac9a919abb577e03585e2f25fdc2602dd160f6b72ee4abce92","18650751","1700940011","2023-11-25 19:20:11","0x36e97c14ce9d0596d9efc4b3f042acc0f877265c","0x671bcb933df2fa29a7029d8285687bae2e6ac527","","0","0","0","0.001636634758581135","6.43213175594081","2084.06","","","0xd4eae090"
"0x1d6a60e78c56e449329d19cf834893be27cb93c871bcf5d9d1ba59c5a5030cda","18650820","1700940851","2023-11-25 19:34:11","0x36e97c14ce9d0596d9efc4b3f042acc0f877265c","0x671bcb933df2fa29a7029d8285687bae2e6ac527","","0","0.2","786.019204616806","0.001641580678946862","6.45156969790064","2084.06","","","Create Raffle"
"0x1a44ee666720197297e64db822352214b80c7ac25134ae439ed41af86f63d366","18657335","1701019727","2023-11-26 17:28:47","0x36e97c14ce9d0596d9efc4b3f042acc0f877265c","0x671bcb933df2fa29a7029d8285687bae2e6ac527","","0","0","0","0.002982288653627476","11.72068077731","2063.01","","","0xd4eae090"
"0x699bfb904af90cbced340bc02b1bca8fc73af43ac2d3009e8c0c1ff2115ee224","18657544","1701022271","2023-11-26 18:11:11","0x36e97c14ce9d0596d9efc4b3f042acc0f877265c","0x671bcb933df2fa29a7029d8285687bae2e6ac527","","0","0.075","294.757201731302","0.001306783515703956","5.13578469809988","2063.01","","","0x7c3f526d"
"0x8768e3348670651113c495ea89be1fc335bf743bf8ca775ad82239ed2651146e","18657583","1701022739","2023-11-26 18:18:59","0x36e97c14ce9d0596d9efc4b3f042acc0f877265c","0x671bcb933df2fa29a7029d8285687bae2e6ac527","","0","0.2","786.019204616806","0.002129975148168755","8.37100685908584","2063.01","","","Create Raffle"
"0xbe6578aa047c8803b561fe1332526d5248a41242de5a9c01bda885b2c759ffa9","18663925","1701099539","2023-11-27 15:38:59","0x36e97c14ce9d0596d9efc4b3f042acc0f877265c","0x671bcb933df2fa29a7029d8285687bae2e6ac527","","0","0","0","0.003194758413285866","12.555707334769","2027.67","","","0xd4eae090"
"0xff00b4893e5558dce2d02918072732c453dbf6b38fcec30952a7de1adc13de4d","18664025","1701100739","2023-11-27 15:58:59","0x36e97c14ce9d0596d9efc4b3f042acc0f877265c","0x671bcb933df2fa29a7029d8285687bae2e6ac527","","0","0.012","47.1611522770084","0.0019189633493454","7.54171022770637","2027.67","","","0x7c3f526d"
"0xacff438c19269ee67f3d48b1d035a47d274ea5958dd64c89f30a38fa3a74236c","18664077","1701101363","2023-11-27 16:09:23","0x36e97c14ce9d0596d9efc4b3f042acc0f877265c","0x671bcb933df2fa29a7029d8285687bae2e6ac527","","0","0.22","864.621125078487","0.003497274476520611","13.7446245118069","2027.67","","","Create Raffle"
"0xd88b435988791df67366083439050ec022c2a468db4a98fb553d4fe0b5f3dec2","18664475","1701106175","2023-11-27 17:29:35","0x36e97c14ce9d0596d9efc4b3f042acc0f877265c","0x671bcb933df2fa29a7029d8285687bae2e6ac527","","0","0.014","55.0213443231764","0.001400632460066532","5.50462006110988","2027.67","","","0x7c3f526d"
"0x34fc409571a84714b044197c1d61e0f06f25f4dcc5c268b8fe433ed31eccd984","18671222","1701187847","2023-11-28 16:10:47","0x36e97c14ce9d0596d9efc4b3f042acc0f877265c","0x671bcb933df2fa29a7029d8285687bae2e6ac527","","0","0","0","0.002796345737119266","10.9899072606204","2049.10","","","0xd4eae090"
"0x70bf6491bf392fac0088e5af43a03d1adebbd47693ffe40a05d06e9d32bc6cb8","18671319","1701189011","2023-11-28 16:30:11","0x36e97c14ce9d0596d9efc4b3f042acc0f877265c","0x671bcb933df2fa29a7029d8285687bae2e6ac527","","0","0.22","864.621125078487","0.002757627974507194","10.837742735756","2049.10","","","Create Raffle"
"0x0046866e374627a1849649a798977621d28ad9fd299ff2721795caeb5d537962","18672666","1701205235","2023-11-28 21:00:35","0x36e97c14ce9d0596d9efc4b3f042acc0f877265c","0x671bcb933df2fa29a7029d8285687bae2e6ac527","","0","0","0","0.003294124388871022","12.9462251602461","2049.10","","","0xd4eae090"
"0xe792c4366cf6e4ed4db2809835b5bdf3b6df23a3da2e6eb599b0287480875558","18678148","1701271559","2023-11-29 15:25:59","0x36e97c14ce9d0596d9efc4b3f042acc0f877265c","0x671bcb933df2fa29a7029d8285687bae2e6ac527","","0","0.06","235.805761385042","0.00212154518181672","8.33787628185098","2029.17","","","0x7c3f526d"
"0xb2f5a17ef1a1c3283c3f23e86f8b364818037d65e4b0f03d71c323521eb4483e","18685453","1701359819","2023-11-30 15:56:59","0x36e97c14ce9d0596d9efc4b3f042acc0f877265c","0x671bcb933df2fa29a7029d8285687bae2e6ac527","","0","0.025","98.2524005771008","0.002697539096743392","10.6015876762249","2052.93","","","0x7c3f526d"
"0x32c3e048e72c5a2d20cef1a4bc0c0d6e4330f36322e88f55305677b581dce97e","18688084","1701391619","2023-12-01 00:46:59","0x36e97c14ce9d0596d9efc4b3f042acc0f877265c","0xa46ec36128781dafd522eb0e2fa32101b19ef57d","","0","0.003","11.7902880692521","0.000773499979056","3.03992919154357","2088.21","","","Transfer"
"0x7242bda56b9a12ffa036ed35d444531d2feda20c1ae03ad55af216ef68fa21d5","18701977","1701559427","2023-12-02 23:23:47","0x36e97c14ce9d0596d9efc4b3f042acc0f877265c","0xadae0ddaf90170a44adebcfb8eede12041d13220","","0","0","0","0.002147076014657955","8.43821490646634","2165.60","","","Set Approval For All"
"0xae664f546fc1d45bde2c5d7739a703d5f4a76daa7134dc4bc9e3807a24b1a6c8","18701979","1701559451","2023-12-02 23:24:11","0x36e97c14ce9d0596d9efc4b3f042acc0f877265c","0x32973908faee0bf825a343000fe412ebe56f802a","","0","0","0","0.002021769165602931","7.94574695733","2165.60","","","Set Approval For All"
"0x899f5d10535ec413259317a4bf501b97fc04dfd403e52299b8729fb100cdbb47","18701987","1701559547","2023-12-02 23:25:47","0x36e97c14ce9d0596d9efc4b3f042acc0f877265c","0x743776e5a345fe62d7d85282407c94e616a03176","","0","0","0","0.010832007746419952","42.5708305662205","2165.60","","","Evolve Pixelmon"
"0xab542aa83a1fb1d6e2c0380866c1a41068406e310a960aed0f1d3525d7d6a188","18717955","1701752819","2023-12-05 05:06:59","0xa46ec36128781dafd522eb0e2fa32101b19ef57d","0x36e97c14ce9d0596d9efc4b3f042acc0f877265c","","0.7","0","2751.06721615882","0.000934942166949","3.67441249213983","2293.88","","","Transfer"
"0x092e1c6b1ff04e71a8ee615c6fb266f59143ea2ac5d09bc5e313bafe73dcbd74","18717968","1701752975","2023-12-05 05:09:35","0x36e97c14ce9d0596d9efc4b3f042acc0f877265c","0xb2ecfe4e4d61f8790bbb9de2d1259b9e2410cea5","","0","0.28888","1135.32613914851","0.005437544697155505","21.3700727896325","2293.88","","","Take Ask Single"
"0xb7872ebe1e86296589d2dfd83d162029c4f61a128ca1954eb17d8f46119bb724","18725007","1701838163","2023-12-06 04:49:23","0x36e97c14ce9d0596d9efc4b3f042acc0f877265c","0x8a3749936e723325c6b645a0901470cd9e790b94","","0","0","0","0.001955104804361475","7.68374961633351","2232.96","","","Set Approval For All"
"0xbb1c1540d14c04d81d02243ab2c3325ab17736b1042da8d9813d563fae25aa0d","18736127","1701972827","2023-12-07 18:13:47","0x36e97c14ce9d0596d9efc4b3f042acc0f877265c","0xb2ecfe4e4d61f8790bbb9de2d1259b9e2410cea5","","0","0.2991","1175.49172050443","0.008673269738920512","34.0867829080666","2356.77","","","Take Ask Single"
"0x78176c235af1d9db2fa9ffdc2c947b34d0bc66bf4a6cd63d387124696712ba8c","18737134","1701985103","2023-12-07 21:38:23","0x36e97c14ce9d0596d9efc4b3f042acc0f877265c","0x881d40237659c251811cec9c364ef91dc08d300c","","0","0.087","341.918354008311","0.01146130308335394","45.04402166725","2356.77","","","Swap"
"0xb66c8b2367efd571fe7c02f87b8dc6929540f01f67f47a84f9bcc5684ef81f43","18737147","1701985271","2023-12-07 21:41:11","0x36e97c14ce9d0596d9efc4b3f042acc0f877265c","0xa0b86991c6218b36c1d19d4a2e9eb0ce3606eb48","","0","0","0","0.002791047695220399","10.9690854472235","2356.77","","","Transfer"
"0xb9faab8463162260660393fc9c5ad7de3f2420b74a518bb889b2d7b68e1dde56","18737728","1701992351","2023-12-07 23:39:11","0x36e97c14ce9d0596d9efc4b3f042acc0f877265c","0xcba890b4718fc3f67821eece841ba314ff554a8f","","0","0","0","0.003098843996507677","12.1787544668326","2356.77","","","Set Approval For All"
"0x75fb26266673fa27faac62f96f5a3d42bb287f97244347d8de80163df3fdf0ce","18737739","1701992483","2023-12-07 23:41:23","0x36e97c14ce9d0596d9efc4b3f042acc0f877265c","0x4d45dbd97dbe95c993f674714b02360ad2d429e8","","0","0.01","39.3009602308403","0.0054282686410413","21.3336169983882","2356.77","","","Bridge ERC721Batch"
"0x35d56b4e3eecf6e7bb0150019052d151bb32e79e199c1648d7195609d9ccdbe0","18754776","1702198823","2023-12-10 09:00:23","0x36e97c14ce9d0596d9efc4b3f042acc0f877265c","0x881d40237659c251811cec9c364ef91dc08d300c","","0","0.13","510.912483000924","0.004365756110097324","17.1578407260483","2352.31","","","Swap"
"0x0ab2161c27d1e5711cf463934b3bc852dc3ac234a059786f6680191e2012d0c4","18754805","1702199171","2023-12-10 09:06:11","0x36e97c14ce9d0596d9efc4b3f042acc0f877265c","0xa0b86991c6218b36c1d19d4a2e9eb0ce3606eb48","","0","0","0","0.00133305440211525","5.2390318043078","2352.31","","","Transfer"
"0x98de988aa923b892da21d0a3484333ac9a63abf0bddf15eb737118b06be0f55b","18760775","1702271267","2023-12-11 05:07:47","0x36e97c14ce9d0596d9efc4b3f042acc0f877265c","0x671bcb933df2fa29a7029d8285687bae2e6ac527","","0","0.15","589.514403462604","0.001513180966044258","5.94694649685699","2224.10","","","Create Raffle"
"0xab0e68725bcae355af9dcaa0b83a6c679978db10913831af22b10e3eed02d6c1","18767055","1702347215","2023-12-12 02:13:35","0x36e97c14ce9d0596d9efc4b3f042acc0f877265c","0x671bcb933df2fa29a7029d8285687bae2e6ac527","","0","0","0","0.002003890488389482","7.87548203911542","2202.33","","","0xd4eae090"
"0x255c227c36844ecfd3d2478a60ad0c2b41478bb3f7bd0a77b472c80087105c00","18767122","1702348031","2023-12-12 02:27:11","0x36e97c14ce9d0596d9efc4b3f042acc0f877265c","0x00000000000000adc04c56bf30ac9d3c0aaf14dc","","0","0.2787","1095.31776163352","0.00497423566470592","19.5492238037435","2202.33","","","0x00000000"
"0xf2d78a1d92c762bddb79f3b5e9444aa7c51866fa67765eb9079f7bc4bdba8c58","18767168","1702348583","2023-12-12 02:36:23","0x36e97c14ce9d0596d9efc4b3f042acc0f877265c","0xedc3ad89f7b0963fe23d714b34185713706b815b","","0","0","0","0.00179365049761791","7.04921868749084","2202.33","","","Approve"
"0xbf102e69922db1955870afe9cc0d7820a6bbc9d9752ee241a01b80185625fa78","18767170","1702348607","2023-12-12 02:36:47","0x36e97c14ce9d0596d9efc4b3f042acc0f877265c","0x671bcb933df2fa29a7029d8285687bae2e6ac527","","0","0","0","0.00327094353920097","12.8551221951461","2202.33","","","Create Raffle"
"0x95ebaed10f9c1b0ccb973ce3ff63ffe14f6ded54c83ab53aea01907d85db1556","18771389","1702399631","2023-12-12 16:47:11","0x36e97c14ce9d0596d9efc4b3f042acc0f877265c","0x671bcb933df2fa29a7029d8285687bae2e6ac527","","0","0","0","0.003533863940861233","13.8884246200988","2202.33","","","0xd4eae090"
"0xfa6551bc2889d4b8b220188a55c5068f3a2664e41ead5117c0a5f2010ef57025","18781276","1702519283","2023-12-14 02:01:23","0x36e97c14ce9d0596d9efc4b3f042acc0f877265c","0x671bcb933df2fa29a7029d8285687bae2e6ac527","","0","0.02","78.6019204616806","0.001744537322396606","6.85619919287256","2316.03","","","Deposit"
"0x638c58b51e24ad059a13ae7cb20448c2195a7bd890e28873043dfe6e0d1290a0","18781306","1702519643","2023-12-14 02:07:23","0x36e97c14ce9d0596d9efc4b3f042acc0f877265c","0x671bcb933df2fa29a7029d8285687bae2e6ac527","","0","0.5","1965.04801154202","0.003087947571702928","12.1359304710417","2316.03","","","Create Raffle"
"0x0db0f0d3e48993655a5dbfafdf132e416e431658e0db6eb59646f21ef5b088c3","18787205","1702591115","2023-12-14 21:58:35","0x36e97c14ce9d0596d9efc4b3f042acc0f877265c","0x671bcb933df2fa29a7029d8285687bae2e6ac527","","0","0","0","0.00284715684554477","11.189599795772","2316.03","","","0x55d38ebb"
"0x97227baf7f5cf6fb4a485b96ea3c88b4c58dc7bb5d0220928b19cb867063eff0","18787220","1702591295","2023-12-14 22:01:35","0x36e97c14ce9d0596d9efc4b3f042acc0f877265c","0x671bcb933df2fa29a7029d8285687bae2e6ac527","","0","0.4","1572.03840923361","0.00263369810558242","10.3506864507534","2316.03","","","Create Raffle"
"0xa3adf4c791de955a3a21845fc957af28c3aeffc3cdb0a9e51b609b110f7be8ed","18794062","1702674167","2023-12-15 21:02:47","0x36e97c14ce9d0596d9efc4b3f042acc0f877265c","0x671bcb933df2fa29a7029d8285687bae2e6ac527","","0","0","0","0.003695906786670725","14.5252685639839","2220.32","","","0x55d38ebb"
"0x9f1adb846da82c153d279433c927e0ff3085c260155856a8398da7167b1c8dfa","18794083","1702674419","2023-12-15 21:06:59","0x36e97c14ce9d0596d9efc4b3f042acc0f877265c","0x671bcb933df2fa29a7029d8285687bae2e6ac527","","0","0.4","1572.03840923361","0.00319522361890436","12.5575356375202","2220.32","","","Create Raffle"
"0xc7f05f33f78e5a3bec999474ebf91d44a5b2c3bc4412a5ef3ce45297c7d393d2","18810288","1702871147","2023-12-18 03:45:47","0x20e147900feb5ded810bfbd8bf6e1f4954ef9259","0x36e97c14ce9d0596d9efc4b3f042acc0f877265c","","0.05","0","196.504801154202","0.000992434151247","3.90036151098861","2218.75","","","Transfer"
"0x9897c80bfc33a736c9436048e5a6adac49748f9e85b05815a8caaed742c47f77","18810315","1702871483","2023-12-18 03:51:23","0x36e97c14ce9d0596d9efc4b3f042acc0f877265c","0x881d40237659c251811cec9c364ef91dc08d300c","","0","0.231","907.852181332411","0.00953579399703444","37.4765860646936","2218.75","","","Swap"
"0x1c8f25017fe7c59dbc54f42d821bc526fb1a339708d85d0e9d9f5472de737819","18810335","1702871723","2023-12-18 03:55:23","0x36e97c14ce9d0596d9efc4b3f042acc0f877265c","0x881d40237659c251811cec9c364ef91dc08d300c","","0","0.0465","182.749465073407","0.007280950007007832","28.6148326668151","2218.75","","","Swap"
"0x0d24cfefcd2b32829c0a47b8432943c800a5427f2e65eaf116964aa7074222de","18810347","1702871867","2023-12-18 03:57:47","0x36e97c14ce9d0596d9efc4b3f042acc0f877265c","0xa0b86991c6218b36c1d19d4a2e9eb0ce3606eb48","","0","0","0","0.002003054900280849","7.87219809761274","2218.75","","","Transfer"
"0x8c09f984666800171d7e2168a82b1ebd6addc6630534f70cdc6e896002a437d5","18810695","1702876055","2023-12-18 05:07:35","0x36e97c14ce9d0596d9efc4b3f042acc0f877265c","0x671bcb933df2fa29a7029d8285687bae2e6ac527","","0","0","0","0.00316936529444174","12.455909939386","2218.75","","","0x55d38ebb"
"0x20361c1f38b60c7ae0087b589bbb167ae2fd2d1b55c78f7ca1d307240ca88b29","18810718","1702876331","2023-12-18 05:12:11","0x36e97c14ce9d0596d9efc4b3f042acc0f877265c","0x671bcb933df2fa29a7029d8285687bae2e6ac527","","0","0.4","1572.03840923361","0.002686319162991184","10.5574922592061","2218.75","","","Create Raffle"
"0xd2dc7b5879fd48a5bc216ae12dcbec78cd6d68717eb32a237659c9a6f911f3c3","18817661","1702960463","2023-12-19 04:34:23","0x36e97c14ce9d0596d9efc4b3f042acc0f877265c","0x671bcb933df2fa29a7029d8285687bae2e6ac527","","0","0.11","432.310562539243","0.001807859901713974","7.10506301001918","2177.38","","","0x7c3f526d"
"0x96b6e7afdf1fcd2608d73a5d49089f30b63c8dbf56c851501c5893f9488323d7","18825371","1703054123","2023-12-20 06:35:23","0x36e97c14ce9d0596d9efc4b3f042acc0f877265c","0x671bcb933df2fa29a7029d8285687bae2e6ac527","","0","0.25","982.524005771008","0.002817427778050144","11.0727617058413","2202.03","","","Create Raffle"
"0xa711cdfe4f8040304def947a0a2d2e005332ca1c0f0e8bdc70dd41e325f1a741","18828369","1703090411","2023-12-20 16:40:11","0x36e97c14ce9d0596d9efc4b3f042acc0f877265c","0x671bcb933df2fa29a7029d8285687bae2e6ac527","","0","0","0","0.00404075906039721","15.8805711135078","2202.03","","","0x55d38ebb"
"0xb21b86b03f32ce90c017d91e1d97ba6320f0841c6466bf99f39b5994c74a6d98","18828395","1703090735","2023-12-20 16:45:35","0x36e97c14ce9d0596d9efc4b3f042acc0f877265c","0x671bcb933df2fa29a7029d8285687bae2e6ac527","","0","0.5","1965.04801154202","0.003869338327818376","15.2068711741256","2202.03","","","Create Raffle"
"0xbc7bb16eecc555d0424ca268911cb8fc042447467d404118632987c6046ad4ec","18831925","1703133599","2023-12-21 04:39:59","0x36e97c14ce9d0596d9efc4b3f042acc0f877265c","0x3fc91a3afd70395cd496c647d5a6cc9d4b2b7fad","","0","0.04","157.203840923361","0.00444591742535952","17.4728823923654","2239.88","","","Execute"
"0x3c87c3e8e8e4f74013b9ac22f7ac1c0167463e16642ecfe1764cc37d1bbf8a7e","18831999","1703134499","2023-12-21 04:54:59","0x36e97c14ce9d0596d9efc4b3f042acc0f877265c","0x7d1afa7b718fb893db30a3abc0cfc608aacfebb0","","0","0","0","0.001572636721757376","6.18061332593457","2239.88","","","Approve"
"0x11397a140779ed6402ebc357f0db4fe7d105bb93bee4d5400c28d594441be0b4","18832002","1703134535","2023-12-21 04:55:35","0x36e97c14ce9d0596d9efc4b3f042acc0f877265c","0x3fc91a3afd70395cd496c647d5a6cc9d4b2b7fad","","0","0","0","0.005356837290634192","21.0528849322297","2239.88","","","Execute"
"0xa9d39a17fbaaee5045da3987965b04fb45761da21b0f8827af644450fff7f944","18835548","1703177495","2023-12-21 16:51:35","0x36e97c14ce9d0596d9efc4b3f042acc0f877265c","0x671bcb933df2fa29a7029d8285687bae2e6ac527","","0","0","0","0.00413191420810478","16.238819596997","2239.88","","","0x55d38ebb"
"0x852c7ed8ee797565c156572b18e8ce7b7ab7f90b6c8adf998b4a16423de6e0a2","18853844","1703399279","2023-12-24 06:27:59","0x36e97c14ce9d0596d9efc4b3f042acc0f877265c","0x671bcb933df2fa29a7029d8285687bae2e6ac527","","0","0.25","982.524005771008","0.001490520705414292","5.85788949667311","2265.42","","","Create Raffle"
"0xde1ff88eb7ad03d84361eb330be01e8ded54a46878464e21142119abc8f8f7ea","18859755","1703470979","2023-12-25 02:22:59","0x36e97c14ce9d0596d9efc4b3f042acc0f877265c","0x671bcb933df2fa29a7029d8285687bae2e6ac527","","0","0.25","982.524005771008","0.00108219052144746","4.2531126645599","2271.75","","","Create Raffle"
"0x055a720dc6c0d82937193c648edf60b6e708d6872ec3f800ceb01de2311434fd","18867302","1703562683","2023-12-26 03:51:23","0x36e97c14ce9d0596d9efc4b3f042acc0f877265c","0x671bcb933df2fa29a7029d8285687bae2e6ac527","","0","0.2","786.019204616806","0.000908313751317824","3.56976026176672","2230.94","","","Create Raffle"
"0xd05548d3f739058357d9cd69eccf52d3e53d7290730f650897382124b9be11e7","18875451","1703661359","2023-12-27 07:15:59","0x36e97c14ce9d0596d9efc4b3f042acc0f877265c","0x671bcb933df2fa29a7029d8285687bae2e6ac527","","0","0","0","0.0013809137420715","5.42712360593729","2380.34","","","0x55d38ebb"
"0xa007fb1e62627ccba7ea218dd0e6b5f68d1b24945f36924ed36150e700c20946","18880127","1703718215","2023-12-27 23:03:35","0x36e97c14ce9d0596d9efc4b3f042acc0f877265c","0x53894ec021245adb6a7c556bb0f0ad83544c0e33","","0","0.44","1729.24225015697","0.00256056008421206","10.0632470038295","2380.34","","","Private Mint"
"0xff8234fb2b9f118e255c5a38ff07b3bcdd3f903777ea8c83585d55cb20d3627a","18920998","1704214283","2024-01-02 16:51:23","0x36e97c14ce9d0596d9efc4b3f042acc0f877265c","0x671bcb933df2fa29a7029d8285687bae2e6ac527","","0","0.2","786.019204616806","0.001385229282974608","5.44408409607805","2356.28","","","Create Raffle"
"0x091ccbf028a6d3dc1eb406b4569bf80a0a101d29f5755e92399726ff2a3fb350","18931309","1704339143","2024-01-04 03:32:23","0x36e97c14ce9d0596d9efc4b3f042acc0f877265c","0x743776e5a345fe62d7d85282407c94e616a03176","","0","0","0","0.001527946315685552","6.00497573876168","2269.47","","","Claim Pixelmon Token"
"0x19efc382ade2e7f6e1b146e35d30197aadcd46082e2bddcddeda6f28e8596369","19005849","1705244039","2024-01-14 14:53:59","0x36e97c14ce9d0596d9efc4b3f042acc0f877265c","0x671bcb933df2fa29a7029d8285687bae2e6ac527","","0","0","0","0.002047318371509373","8.04615778985586","2470.94","","","0x55d38ebb"
"0xdcafe04795dd4891889f2625c8aeed3b9dff5c7c1ce22de3b3b03e834847ddf0","19006874","1705256411","2024-01-14 18:20:11","0xa46ec36128781dafd522eb0e2fa32101b19ef57d","0x36e97c14ce9d0596d9efc4b3f042acc0f877265c","","0.416555647726507565","0","1637.10369452314","0.000460315320486","1.80908341040668","2470.94","","","Transfer"
"0x759682420b8414c4743597de91311f0f9f3fb9645b7f487c56c9950e87b565b8","19006886","1705256555","2024-01-14 18:22:35","0x36e97c14ce9d0596d9efc4b3f042acc0f877265c","0x881d40237659c251811cec9c364ef91dc08d300c","","0","0.4","1572.03840923361","0.003702654525214624","14.5517878244001","2470.94","","","Swap"
"0x93a258cf7e708c852603ac36f7e8d14942c2292d8f3b4e01fb49253f43b06f34","19006924","1705257023","2024-01-14 18:30:23","0x36e97c14ce9d0596d9efc4b3f042acc0f877265c","0xa0b86991c6218b36c1d19d4a2e9eb0ce3606eb48","","0","0","0","0.001325676641983628","5.21003649855525","2470.94","","","Approve"
"0xbf4bf54afae6bf3d0a0c87db0982a77409f7c9d7e8d4d747dddd58aa5ae42248","19006928","1705257071","2024-01-14 18:31:11","0x36e97c14ce9d0596d9efc4b3f042acc0f877265c","0x654d86b22fe06f4e3b2ae48ff0b62f22ca244f28","","0","0","0","0.002194851402440535","8.62597676799195","2470.94","","","Direct Transfer To"
"0x31e27777b00e62958550f3ce14baaafbdbf0cbbf92f84116ad377cc9c53f2305","19050752","1705786019","2024-01-20 21:26:59","0x36e97c14ce9d0596d9efc4b3f042acc0f877265c","0x53894ec021245adb6a7c556bb0f0ad83544c0e33","","0","0","0","0.000970620835665041","3.81463308616968","2470.31","","","Set Approval For All"
"0xff2dbc32b7404d58eaf9378a749164324e91e9a22a1c6cbba111b55ab762e947","19050754","1705786043","2024-01-20 21:27:23","0x36e97c14ce9d0596d9efc4b3f042acc0f877265c","0x9d6d7ead7a9102ab9910fab6ded2de074ad5389c","","0","0","0","0.001498713311070368","5.89008722358075","2470.31","","","Batch Stake"
"0x9a0ba2bebc3c7b78eaa08d70693b83291954f21edd99810933065ffb94383c2c","19069643","1706016191","2024-01-23 13:23:11","0x36e97c14ce9d0596d9efc4b3f042acc0f877265c","0xa0b86991c6218b36c1d19d4a2e9eb0ce3606eb48","","0","0","0","0.00126918378061955","4.98801412877565","2241.32","","","Approve"
"0x1a001026448eb30c3e3a706a94c9c4de622e7e53e2ea269acf68b625c4fa64df","19069652","1706016299","2024-01-23 13:24:59","0x36e97c14ce9d0596d9efc4b3f042acc0f877265c","0x881d40237659c251811cec9c364ef91dc08d300c","","0","0.005","19.6504801154202","0.003680122040612864","14.4632329962765","2241.32","","","Swap"
"0x046c86760265467b2604bbc9524bf9f4217f91d7c4c491fff5c649f860edeb6d","19069659","1706016383","2024-01-23 13:26:23","0x36e97c14ce9d0596d9efc4b3f042acc0f877265c","0x654d86b22fe06f4e3b2ae48ff0b62f22ca244f28","","0","0","0","0.001596432025739122","6.27413115548131","2241.32","","","Direct Transfer To"
"0x96fe21f599ed3bb1624b8206c6080a7d80bbdc99343aa3b4687ffeb7d205bfc8","19137797","1706841515","2024-02-02 02:38:35","0x36e97c14ce9d0596d9efc4b3f042acc0f877265c","0x671bcb933df2fa29a7029d8285687bae2e6ac527","","0","0.25","982.524005771008","0.001435078917910288","5.63999794809096","2307.85","","","Create Raffle"
"0x5d6ae5ef8df2fd169f8b287dab309bb2228b55f296507c73c7810c86875f80d5","19157898","1707085559","2024-02-04 22:25:59","0x36e97c14ce9d0596d9efc4b3f042acc0f877265c","0x671bcb933df2fa29a7029d8285687bae2e6ac527","","0","0","0","0.001229334343679667","4.83140201513608","2288.68","","","0x55d38ebb"
"0x3aee6707e7d1dd9493fcaa8f40d7b32c2f7629831fefa56e0bce9964689d692e","19157905","1707085643","2024-02-04 22:27:23","0x36e97c14ce9d0596d9efc4b3f042acc0f877265c","0x04935d724ef1cb9c8b9c015eded7fb832c0e64e9","","0","0.15000000000000002","589.514403462605","0.00035017835301396","1.37623455255028","2288.68","","","0x866325e4"
"0xdcc0b3b29834f11fa8656c61a98062cb87138c8cdefda81b756179fe97d51f79","19180722","1707362303","2024-02-08 03:18:23","0x20e147900feb5ded810bfbd8bf6e1f4954ef9259","0x36e97c14ce9d0596d9efc4b3f042acc0f877265c","","0.175","0","687.766804039705","0.000601941677589","2.36568859322106","2419.79","","","Transfer"
"0xb60daad439fd69b22d2282dd5288f01bd8a866398de8c91037849f5743144658","19181088","1707366827","2024-02-08 04:33:47","0x36e97c14ce9d0596d9efc4b3f042acc0f877265c","0x881d40237659c251811cec9c364ef91dc08d300c","","0","0.9","3537.08642077563","0.004958341319411024","19.4867575005105","2419.79","","","Swap"
"0x8a91c872ca8fe9977eb22655d7006be2eab89b442badc2c5a48dda2e197f0b05","19181133","1707367367","2024-02-08 04:42:47","0x36e97c14ce9d0596d9efc4b3f042acc0f877265c","0xa0b86991c6218b36c1d19d4a2e9eb0ce3606eb48","","0","0","0","0.001360720849846348","5.34776360050865","2419.79","","","Transfer"
"0xbc692161625dac71863a9a43fe4732b6d129330bcaa226e9869caa63e5da16a0","19219612","1707833711","2024-02-13 14:15:11","0x36e97c14ce9d0596d9efc4b3f042acc0f877265c","0x04935d724ef1cb9c8b9c015eded7fb832c0e64e9","","0","0.05","196.504801154202","0.001251101393312384","4.91694861033189","2641.60","","","0x92bee9b1"
"0x8ddcc78a6aafa5acbbd3832333bf59190a0d68f647ff8ef4e6490015e134e56c","19229689","1707956003","2024-02-15 00:13:23","0x36e97c14ce9d0596d9efc4b3f042acc0f877265c","0x32973908faee0bf825a343000fe412ebe56f802a","","0","0","0","0.00176979791294283","6.95547573931903","2825.35","","","Set Approval For All"
"0xe3eedc8cf81cbfa1b986f348403029bb90ad5e6f54a4e17a0d552ee54d109b29","19229690","1707956015","2024-02-15 00:13:35","0x36e97c14ce9d0596d9efc4b3f042acc0f877265c","0x8a3749936e723325c6b645a0901470cd9e790b94","","0","0","0","0.001644802399082115","6.46423136739169","2825.35","","","Set Approval For All"
"0x9d30c3fe951ec9a13cee42c84c8710ff3645b9834cffaab6989a879452d683b5","19292968","1708723643","2024-02-23 21:27:23","0x36e97c14ce9d0596d9efc4b3f042acc0f877265c","0xa46ec36128781dafd522eb0e2fa32101b19ef57d","","0","4","15720.3840923361","0.000668296422675","2.6264691129963","2922.10","","","Transfer"
"0xf4edd05db4c4d9e23cca39992f47ef88209de6e45596ddaf654226895c12d038","19293109","1708725359","2024-02-23 21:55:59","0x36e97c14ce9d0596d9efc4b3f042acc0f877265c","0xe1ae0483efeb926b3c8922625ce6bb9e8d4d3787","","0","0.063","247.596049454294","0.000702897980169","2.76245655649598","2922.10","","","Transfer"
"0x156d7a63ed6dc2e5bbec2f5e9769a976c16a3908f4810f347c1c16c36896f76c","19335534","1709238287","2024-02-29 20:24:47","0x36e97c14ce9d0596d9efc4b3f042acc0f877265c","0xe1ae0483efeb926b3c8922625ce6bb9e8d4d3787","","0","0.045","176.854321038781","0.001323368359173","5.20096472546105","3342.24","","","Transfer"
"0x1df4752b708177f8887764db8e1456d6affe9fd6c06b85a3138646d22054f0f7","19335751","1709240903","2024-02-29 21:08:23","0x36e97c14ce9d0596d9efc4b3f042acc0f877265c","0x7d00c3d00989470cd47ef57bdad3fe64e63f6b3c","","0","0.11","432.310562539243","0.002324156456853","9.13415804810304","3342.24","","","Transfer"
"0x1ecc9823388ec4b870de50b98d83433886ba176adc20b0c4417088511a11e2d9","19363164","1709571779","2024-03-04 17:02:59","0x36e97c14ce9d0596d9efc4b3f042acc0f877265c","0x6ea88f4f2f6b669a11eafd3c355ae813066215dd","","0","0","0","0.005632960515527324","22.1380757202633","3631.85","Error(0)","execution reverted","Mint"
"0x5ea28298582febdd3ebca487a00d79d51640c4ddba1a7938dd251a7821752dce","19450637","1710630779","2024-03-16 23:12:59","0x36e97c14ce9d0596d9efc4b3f042acc0f877265c","0xb2ecfe4e4d61f8790bbb9de2d1259b9e2410cea5","","0","0.33","1296.93168761773","0.005141163805316994","20.2052674252999","3520.08","","","Take Ask Single"
"0x94f8fefdcb491f9e8827f9204dc6b0b6797c1f77783578fdda9595ef68eb54ba","19452035","1710647783","2024-03-17 03:56:23","0x36e97c14ce9d0596d9efc4b3f042acc0f877265c","0x9d6d7ead7a9102ab9910fab6ded2de074ad5389c","","0","0","0","0.002369551696892109","9.31256570044769","3641.61","","","Batch Unstake"
"0xcbae7194e0718377be72bb5f4889d612818d8eb54926b4a52718e9641dc3d956","19452052","1710647999","2024-03-17 03:59:59","0x36e97c14ce9d0596d9efc4b3f042acc0f877265c","0x53894ec021245adb6a7c556bb0f0ad83544c0e33","","0","0","0","0.001569149128306274","6.16690674878226","3641.61","","","Set Approval For All"
"0xdd8bca8ec14d843de3e3686d48956c0ab0b6cf74b5eacfa0f58c50e8eef08453","19564813","1712020943","2024-04-02 01:22:23","0x36e97c14ce9d0596d9efc4b3f042acc0f877265c","0x2e175f748976cd5cdb98f12d1abc5d137d6c9379","","0","0","0","0.006147175346359755","24.1589893819287","3279.40","","","Mint"
"0x107f5276492e63d580f0f944cf41006e5ee78b1bf1081f6d1f688fad186495d8","19564869","1712021615","2024-04-02 01:33:35","0x36e97c14ce9d0596d9efc4b3f042acc0f877265c","0xe1ae0483efeb926b3c8922625ce6bb9e8d4d3787","","0","0.02","78.6019204616806","0.000412528929687","1.62127830596999","3279.40","","","Transfer"
"0xb7a8fda9082a53614a2fdf3190b16743704a0d672d245fe86bbe682c5e4333da","19879348","1715823983","2024-05-16 01:46:23","0x36e97c14ce9d0596d9efc4b3f042acc0f877265c","0x31396ed9d01d6506ff19a8f18144fd0b37c0ebef","","0","0.381","1497.36658479502","0.000069176487198","0.271870237227783","2945.17","","","Transfer"
"0x7e658c3993b4293abfd32dc7549cbecefd4a6b5bb34d3471412dd7c1714b16b5","20187383","1719543923","2024-06-28 03:05:23","0x36e97c14ce9d0596d9efc4b3f042acc0f877265c","0xdac17f958d2ee523a2206206994597c13d831ec7","","0","0","0","0.000274158943524774","1.07747097363963","3373.80","","","Approve"
"0x89747aba09e0c84d1db955a25802a93a514a3b2eb4a65e0f32ede974408c330c","20187383","1719543923","2024-06-28 03:05:23","0x36e97c14ce9d0596d9efc4b3f042acc0f877265c","0x881d40237659c251811cec9c364ef91dc08d300c","","0","0","0","0.00103870002418721","4.08219083423544","3373.80","","","Swap"
"0x4df906665636a2a5c0943f4c40bd5850df7da643843ce5e327065b6536ff961b","20187394","1719544055","2024-06-28 03:07:35","0x36e97c14ce9d0596d9efc4b3f042acc0f877265c","0xa0b86991c6218b36c1d19d4a2e9eb0ce3606eb48","","0","0","0","0.000315786273391864","1.24107037720189","3373.80","","","Approve"
"0x1acb95ad5f3c75c0cf7d0b688de144bb2ae4a3399a2604c20e05974a6f08b6c1","20187394","1719544055","2024-06-28 03:07:35","0x36e97c14ce9d0596d9efc4b3f042acc0f877265c","0x881d40237659c251811cec9c364ef91dc08d300c","","0","0","0","0.001111165959451592","4.36698891822705","3373.80","","","Swap"
"0x1d3505c4cd4f0edb5c2f021511dcabe96fe745d9492801618c6a9e0cfe31b169","20187919","1719550379","2024-06-28 04:52:59","0x36e97c14ce9d0596d9efc4b3f042acc0f877265c","0x941f8059c22d34703f917b95877df07d51677e07","","0","0.004","15.7203840923361","0.00005362139391","0.210737226957913","3373.80","","","Transfer"
"0xbe3c189a52536887708a9f2b120aaf367c3b21a7333b518e405b18d2b218594d","20187928","1719550487","2024-06-28 04:54:47","0x36e97c14ce9d0596d9efc4b3f042acc0f877265c","0x881d40237659c251811cec9c364ef91dc08d300c","","0","0","0","0.00069759448554168","2.74161331335271","3373.80","","","Swap"
"0x21bd62d38743edfa133ff083b2c566a4277b0fb5bf1ba54f2ea0dea556bc935e","20187933","1719550547","2024-06-28 04:55:47","0x36e97c14ce9d0596d9efc4b3f042acc0f877265c","0xb2ecfe4e4d61f8790bbb9de2d1259b9e2410cea5","","0","0.239899","942.826105841836","0.000347523571244842","1.36580100527731","3373.80","","","Take Ask Single"
"0xbdf0312e71655af46dfccff6738a5f01cbe3390b98b3589c6401f1a9add5f263","20187949","1719550739","2024-06-28 04:58:59","0x36e97c14ce9d0596d9efc4b3f042acc0f877265c","0xedc3ad89f7b0963fe23d714b34185713706b815b","","0","0","0","0.00012231513954","0.480710243469122","3373.80","","","Set Approval For All"
"0x3683ada2f6cf0ea22706bec7e37efdcefd166ac2e22ee3a793c8904926e22d71","20187955","1719550811","2024-06-28 05:00:11","0x36e97c14ce9d0596d9efc4b3f042acc0f877265c","0x0000000000c2d145a2526bd8c716263bfebe1a72","","0","0","0","0.000269171409892812","1.05786948754766","3373.80","","","Bulk Transfer"
"0xb8903d848988f8738da5b5ff43187967c088405ab30636270468f346e88b6198","20329527","1721258831","2024-07-17 23:27:11","0x36e97c14ce9d0596d9efc4b3f042acc0f877265c","0xb2ecfe4e4d61f8790bbb9de2d1259b9e2410cea5","","0","0.28495","1119.88086177779","0.000878626537028364","3.45308665895127","3387.66","","","Take Ask Single"
"0x12c7e6c91870eb2d7c07b1bbcd39764e5b6c61d1da0c86d5e6c6b18fe510a8fa","20329537","1721258951","2024-07-17 23:29:11","0x36e97c14ce9d0596d9efc4b3f042acc0f877265c","0xedc3ad89f7b0963fe23d714b34185713706b815b","","0","0","0","0.000237074520339766","0.931725629561868","3387.66","","","Safe Transfer From"
"0x10404f940161a5b7254eb92905666531990ec7c723cf1d3470a142c20b00e10b","20734581","1726144727","2024-09-12 12:38:47","0x36e97c14ce9d0596d9efc4b3f042acc0f877265c","0xa46ec36128781dafd522eb0e2fa32101b19ef57d","","0","0.04","157.203840923361","0.000056755108326","0.223053025521716","2361.91","","","Transfer"
